Les stratégies d'apprentissage des étudiantes dans un cours de soins infirmiers utilisant l'apprentissage par problèmes,http://hdl.handle.net/1866/17827
Enjeux culturels en contexte d’apprentissage par problèmes (APP),http://journals.openedition.org/ere/465
Les stratégies d’apprentissage d’étudiantes durant le travail de groupe dans un curriculum centré sur la résolution de problèmes,http://id.erudit.org/iderudit/017888ar
Analyse des stratégies d’apprentissage dans une méthode d’apprentissage par problèmes : le cas d’étudiantes en soins infirmiers,http://journals.openedition.org/ripes/221
L'impact de l'approche d'apprentissage par problèmes sur les apprenants de l'anglais académique médical,http://www.theses.fr/2016LEHA0025/document
Estrategias didácticas para el aprendizaje de la Contaduría Pública,https://dialnet.unirioja.es/servlet/oaiart?codigo=7456235
Le vote et la démocratie,https://hal.archives-ouvertes.fr/hal-02314671
Écrire un mémoire  en sciences de l’information et de la communication: Récits de cas démarches et méthodes,https://hal-univ-paris3.archives-ouvertes.fr/hal-01459333
Maternités en lutte. Quelles maternités pour les travailleuses de l’ESR ?,http://journals.openedition.org/traces/11939
Pascal Blanchard Nicolas Bancel et Dominic Thomas (dir.) Vers la guerre des identités ? De la fracture coloniale à la révolution ultranationale,https://halshs.archives-ouvertes.fr/halshs-01683431
L’influence d’innovations pédagogiques sur le profil motivationnel et le choix de stratégies d’apprentissage d’étudiantes et d’étudiants d’une faculté d’ingénierie,http://journals.openedition.org/ripes/385
Didactic analysis of teaching-learning organic chemistry up to two years' degree after "A" level to consider its restructuring,http://www.theses.fr/2010CLF20015/document
The effects of generative activities on students’ learning in interactive multimedia environment,http://www.theses.fr/2018REN20049/document
Le micro-learning : vecteur d'engagement et d'apprentissage ?,https://hal.archives-ouvertes.fr/hal-03243386
Quels impacts du recours à l’analogie sur la mémorisation la compréhension et le transfert d’un concept nouveau ? Étude expérimentale dans les classes de sciences,http://journals.openedition.org/rfp/9281
Quels impacts du recours à l’analogie sur la mémorisation la compréhension et le transfert d’un concept nouveau ? Étude expérimentale dans les classes de sciences,http://www.cairn.info/article.php?ID_ARTICLE=RFPED_207_0095
The Need for Speed! Experimenting with “Speed Training” in the Scientific/Technical Translation Classroom,http://id.erudit.org/iderudit/1038683ar
Effet des activités de génération sur l’apprentissage des étudiants dans des environnements multimédias interactifs,https://tel.archives-ouvertes.fr/tel-01948688
IP3S Lille 2012 : SEGAMED 2012 : le point sur les serious games en médecine et santé,http://www.canal-u.tv/?redirectVideo=10600
IP3S Lille 2012 : Un jeu sérieux pour l’apprentissage du raisonnement clinique,http://www.canal-u.tv/?redirectVideo=10597
Apprentissage et durabilité : quelle place donner au jeu et au « rejeu » dans l’apprentissage et la mémorisation d’une langue/culture cible ?,http://journals.openedition.org/apliut/5419
Le GamiXlab et les neuf techniques ludopédagogiques,https://hal.archives-ouvertes.fr/hal-03147596
LEVERAGING SANDBOX IMMERSIVE 3D VIRTUAL WORLDS TO DEVELOP DO-IT- YOURSELF TEACHING GAMES: IMPLEMENTATION TO MARKETING CASE STUDY TEACHING IN SECOND LIFE,https://serval.unil.ch/notice/serval:BIB_A04621EC1F82
QCM de chimie générale,http://www.cairn.info/numero.php?ID_NUMPUBLIE=DBU_AYADI_2020_01
Intelligent Decision Support System for Multidimensional Prior Learning Assessment Applied for the Evaluation of International Students’ profiles Willing to Study in France.,http://www.theses.fr/2021REIMS028
Sequential machine learning for intelligent tutoring systems,http://www.theses.fr/2020LILUI084/document
The course of Chinese students-sojourners in France and their strategies of intercultural adaptation : an exploratory study in an intercultural approach,http://www.theses.fr/2017LYSE2075
L'utilisation des stratégies métacognitives dans l’apprentissage du vocabulaire en milieu universitaire malaisien,http://www.theses.fr/2017TOU20092
Promoting active learning : effects of practice testing on cognitive and metacognitive processes,http://www.theses.fr/2017REN20047/document
Apprentissage de vote de majorité pour la classification multivue : Utilisation de la théorie PAC-Bayésienne et du boosting,http://www.theses.fr/2018LYSES037/document
Mentoring strategies adopted in blended learning and their effects on students’ self-direction in learning,http://www.theses.fr/2020STRAG002/document
Textual elaboration discursive genres and use of learning management systems for language learning,http://www.theses.fr/2016BOR30020/document
L’auto-exploration des espaces sensorimoteurs chez les robots,http://www.theses.fr/2015BORD0072/document
The development of written competence : the case of the essay,http://www.theses.fr/2016POIT5008/document
Projet TIGER « Transform and Innovate in Graduate Education with Research »,https://hal.archives-ouvertes.fr/hal-03214707
Stratégies d’accompagnement des étudiants en formations hybrides et effets sur l’autodirection dans l’apprentissage,https://tel.archives-ouvertes.fr/tel-03145811
L'autorégulation dans les demandes d'aide d'étudiants universitaires de premier cycle dans un cours en ligne,http://hdl.handle.net/20.500.11794/35741
L’apprentissage hybride en sciences de gestion : ce qu’en pensent les étudiants,http://journals.openedition.org/ripes/784
Une approche métacognitive en FOU: L’intérêt de reconnaître et d’exploiter les stratégies d’apprentissage des étudiants,https://dialnet.unirioja.es/servlet/oaiart?codigo=6432415
Positionnement spatial de l’étudiant dans la salle d’enseignement et réussite en première année de Deug. Approche proxémique de la réussite universitaire,http://journals.openedition.org/osp/5856
Cognitive abilities psychological motives and social interactions as components of long-term learning in basic electricity,http://journals.openedition.org/trema/2316
Les conceptions d’apprentissage des étudiants étrangers et les facteurs influençant leurs capacités d’adaptation face au processus de transition vécu,http://hdl.handle.net/1866/19854
Histoire d'une épreuve de géographie ou la métamorphose d'une situation d'enseignement / The case of a geography examination or the transformation of the teacher's situation,https://www.persee.fr/doc/geoca_0035-113x_1992_num_67_2_5807
The supremacy of the constructivist approach in the field of physics education: myths and real challenges,http://journals.openedition.org/trema/2831
The multilevel critical node problem : theoretical intractability and a curriculum learning approach,http://hdl.handle.net/1866/24329
The involvement of a videotaped news sequence in the formulation of a learning strategy. The anatomy of a debate in class,https://www.persee.fr/doc/apliu_0248-9430_1996_num_16_1_1008
Developing Metaphor Interpretation Strategies for Students of Economics: A Case Study,http://journals.openedition.org/apliut/4119
Developping the school-museum partnership,http://hdl.handle.net/2042/8727
D’un apprentissage passif à un apprentissage actif,https://www.persee.fr/doc/apliu_0248-9430_1994_num_13_4_3368
Une évaluation de l'efficacité de l'enseignement supérieur français : le cas des classes préparatoires scientifiques,https://tel.archives-ouvertes.fr/tel-00250430
The initiation of French PhD students into the international research discourse community,http://journals.openedition.org/asp/431
Marketing : analyse et stratégie,http://nbn-resolving.org/urn/resolver.pl?urn=urn:nbn:ch:serval-BIB_6376EA53F7BC5
Gestion du temps profils et réflexions d’étudiants inscrits dans un cours en ligne à leur premier trimestre universitaire,http://id.erudit.org/iderudit/1059996ar
Évolution du sentiment d'efficacité personnelle des futurs enseignants dans leur utilisation des stratégies cognitives des stratégies métacognitives et du jugement métacognitif dans leur apprentissage et dans leur enseignement auprès d'un élève en difficulté au cours d'un programme d'apprentissage expérientiel,http://hdl.handle.net/20.500.11794/19456
La philosophie pour enfants,http://www.cairn.info/numero.php?ID_NUMPUBLIE=DBU_LELEU_2008_01
L’impact des stratégies et styles d’apprentissage sur le sentiment de réussite ou d’échec dans l’apprentissage de langues étrangères,http://journals.openedition.org/apliut/5223
Stratégies d’apprentissage et exploitation de textes techniques,http://journals.openedition.org/asp/4277
Quatre fiches pour ludifier les fondements du nouveau Référentiel de l'ACRL,http://hdl.handle.net/1866/20641
Effets de l'enseignement d'une stratégie cognitive sur l'apprentissage de concepts définis relationnels par des étudiants de secondaire I,http://hdl.handle.net/20.500.11794/28980
L’apprentissage du raisonnement clinique infirmier par une stratégie éducative numérique basée sur la concordance de scripts,http://hdl.handle.net/1866/24248
Le brouillon : aide mémorielle et trace de la compréhension de l’oral,http://journals.openedition.org/apliut/2492
The use of new technologies in teaching ESP,http://journals.openedition.org/asp/4128
Estrategias didácticas en la enseñanza de las Ciencias Naturales,http://dialnet.unirioja.es/servlet/oaiart?codigo=4040156
"Un cours en hybride ça sort de l'ordinaire". Analyse d'une pratique innovante : quand le CM est proposé à distance,https://hal.archives-ouvertes.fr/hal-01277721
Utilisation des stratégies d’apprentissage par des étudiants universitaires suite à une formation en efficience cognitive,http://hdl.handle.net/1866/19018
Lorsque des cultures d'apprentissage/enseignement se rencontrent : le cas des étudiants chinois de FLS en France,https://hal.archives-ouvertes.fr/hal-00979279
Quelle attractivité pour les études scientifiques dans une société de la connaissance ?,https://halshs.archives-ouvertes.fr/halshs-01069283
Les stratégies d’apprentissage de l’écrit en français langue étrangère d’étudiants égyptiens,http://journals.openedition.org/multilinguales/715
IP3S Lille 2012 : Intégration des connaissances en sciences fondamentales par la simulation médicale dans les centres de formation en soins infirmiers. Recommandations tirées de deux années d’expérience.,http://www.canal-u.tv/?redirectVideo=10614
Comprendre les enjeux des stratégies d’apprentissage pour devenir enseignant de FLE,http://journals.openedition.org/apliut/5315
Through the looking glass: a trip inside the L2 reader’s head,http://journals.openedition.org/asp/4223
L'utilisation des stratégies d'apprentissage d'une langue dans un environnement des TICE,http://journals.openedition.org/alsic/1759
La Didactique du Français Langue Etrangère par la pratique théâtrale,https://halshs.archives-ouvertes.fr/halshs-01233410
L’impact des approches pédagogiques inclusives dans les programmes de baccalauréat en sciences infirmières : une revue systématique ; Rapport final: synthèse de connaissances Conseil de recherche en sciences humaines du Canada,http://hdl.handle.net/20.500.11794/30624
TIC et développement de compétences : une réalité conditionnée,http://journals.openedition.org/questionsvives/500
Effets du séjour d'études sur le développement de compétences linguistiques et interculturelles d'apprenants taïwanais en France : contact de langues et de cultures,https://dumas.ccsd.cnrs.fr/dumas-00786071
Construire des compétences en production d’écrit à travers un projet d’écriture en cycle 2 (CE1),https://dumas.ccsd.cnrs.fr/dumas-01412649
L'influence de la culture éducative irlandaise sur l'enseignement/apprentissage du français dans les études supérieures en Irlande : le cas des étudiants de Trinity College Dublin,https://dumas.ccsd.cnrs.fr/dumas-00506728
Impact de la gamification sur la qualité de l’apprentissage de l’entrepreneuriat : Une mesure à travers l’outil « carte mentale »,http://hdl.handle.net/2078.1/257374
Enquêtes sur l’utilisation des TICE et des supports écrits de cours par les étudiants en médecine au Maroc,https://dumas.ccsd.cnrs.fr/dumas-01559095
Microprogramme en pédagogie de l’enseignement supérieur pour les enseignants : incidences sur la motivation et les stratégies d’apprentissage des étudiants,http://journals.openedition.org/ripes/3599
Réguler ses émotions quand on apprend oui mais pourquoi ? Motivations à réguler ses émotions buts émotionnels et stratégies de régulation émotionnelle mises en œuvre par des étudiants universitaires primo-arrivants en situation de préparation d’examen,http://hdl.handle.net/2078/254253
Caracterización didáctico - evaluación en la enseñanza de las ciencias sociales y naturales: Pandemia año 2020,https://dialnet.unirioja.es/servlet/oaiart?codigo=8159018
Qualitative analyses of learners’ discourse about their on productive vocabulary in spoken interactions,http://journals.openedition.org/lexis/6044
Dispositifs et publics des jeux d’exploration guidée. Jeux de piste chasses au trésor et autres jeux d'extérieur: Rapport d'une recherche réalisée par les étudiants du Master de Sciences du jeu de la promotion 2019-2020,https://hal-univ-paris13.archives-ouvertes.fr/hal-03324923
Le codesign comme nouvelle approche pédagogique dans les ateliers de conception : étude exploratoire à travers le vécu des étudiants,http://id.erudit.org/iderudit/1073361ar
Perception of freedom of choice self-regulated learning strategies and Personal Learning Environment : The case of adults currently enrolled in academic online learning,http://www.theses.fr/2021LILUH004
Repenser l’expérience d’enseignement et d’apprentissage en situation de confinement pédagogique,http://id.erudit.org/iderudit/1080262ar
Effective Teaching Strategiesand Behaviors of Legal Translation Lecturers in Spain,https://dialnet.unirioja.es/servlet/oaiart?codigo=8038373
Influence of consumer tiredness on visual advertising processing,http://www.theses.fr/2011EHEC0003/document
Identité Coopération et les Frontières de la Firme,http://www.theses.fr/2011LYO22023
Hero.coli un jeu vidéo d'apprentissage furtif de la biologie de synthèse : une méthodologie de conception de jeu guidée par l'analyse continue de données,http://www.theses.fr/2018USPCB175/document
Imitation socioconstructivist serving the Palpatory efficiency of physiotherapists students : massothérapique emergence of skill in the treatment of fibromyalgia,http://www.theses.fr/2015AIXM3042/document
Language classroom communication : a comparative analysis of Algerian and French science students’ willingness to communicate and communication strategy use,http://www.theses.fr/2016TOU30110
Chémoinformatique intégrative pour guider la conception des médicaments : application à la re-conception d’un inhibiteur clinique de kinase protéinique,http://www.theses.fr/2019MONTT057/document
Comprehension strategies on the internet : which pedagogical approaches one can adopt to build the autonomy of ghanaian students of french as a foreign language ?,http://www.theses.fr/2013STRAC018/document
Listening Strategies of Thais studying French in multimedia learning environments,http://www.theses.fr/2011PA030102
Towards autonomy in learning according to the middle way : the case of students of French at the National University of Hanoi,http://www.theses.fr/2016LYSE2100
Oral production support strategy : case of scaffolding in the teaching of French for tourism and hospitality in Kenyan universities,http://www.theses.fr/2020SORUL034
Virtual reality for language learning : influence of immersion interaction and presence on communication in a foreign language : an empirical study on pupils learning French or German,http://www.theses.fr/2016STRAC036
The decision to seek help in an interactive learning environment : the air traffic control case,http://www.theses.fr/2017TOU20074/document
Analysis of the difficulties Chinese students have in their french learning and reflections on teaching (from the grammar point of passive voice),http://www.theses.fr/2016USPCF018
Machine learning methods for privacy protection : leakage measurement and mechanisms design,http://www.theses.fr/2020IPPAX045/document
The changing by digital technology in engineering school : Impact Study,http://www.theses.fr/2015CERG0764/document
Le rapport entre le verbal et le non verbal dans des mondes synthétiques et son rôle de soutien pour la production et la participation verbales en langue étrangère.,http://www.theses.fr/2012CLF20020/document
Views on adults' experience in promotional studies : the case of auxiliary nurses in nursing training,http://www.theses.fr/2019LILUH055/document
A study on the chinese character learning strategies of french students,http://www.theses.fr/2014INAL0001
Proposition d'une méthodologie pour adapter et intégrer les styles d'apprentissage les stratégies d'enseignement et les médias électroniques,http://www.theses.fr/2009TELE0021/document
Étude du comportement des apprenants en situation de travaux pratiques et de sa corrélation sur leur réussite académique,https://hal.archives-ouvertes.fr/hal-01809364
Effects of affectivo-motivationnal and metacognitive variables on the cognitive engagement of Industrial BTEC students in FL English classes : transversal and longitudinal approaches,http://www.theses.fr/2019TOU20049/document
Clinical Learning for Future Student Health Professionals : Between Learning Empowerment and the pedagogical constraints,http://www.theses.fr/2019LYSE1181/document
Enseignement de la responsabilté sociale des entreprises : l'étude de l'impact de l'enseignement de la RSE pendant la métamorphose professionnelle des diplômés en business,http://www.theses.fr/2020AIXM0484/document
Study of learners' practices in an online teaching-learning environment of French as a foreign language : the case of the French department of the University of Ilorin Nigeria,http://www.theses.fr/2020UNIP7175/document
Towards a concept-based approach for the teaching of past tenses in French as a foreign langage in a Japanese university context.,http://www.theses.fr/2016LYSE2027/document
Les impacts de la révision collaborative étayée : une recherche-action en didactique de la production écrite en français langue étrangère,http://www.theses.fr/2011AIX10056/document
Acquisition of liaison by Italian-speaking learners : advantages of a native-speaker corpus for the study of liaison in French as a foreign language,http://www.theses.fr/2015PA100186/document
From signal to concept : Deep neural networks applied to spoken language understanding,http://www.theses.fr/2021LEMA1001/document
Learning and teaching french to chinese spoken students in Taiwan : sociolinguistics and didactics studies in academic environment,http://www.theses.fr/2012BESA1019/document
Inside Memory : un Serious Escape Game pour Apprendre à Apprendre,https://hal.archives-ouvertes.fr/hal-03284891
Comment évaluer l’enseignement des concepts (avec les taxonomies de Bloom et de Gagné) ?,http://hdl.handle.net/2078.1/132930
Lineamientos de coaching que puede aplicar el docente como estrategia para potenciar el aprendizaje,https://dialnet.unirioja.es/servlet/oaiart?codigo=7883862
La métacognition en tant que stratégie pédagogique pour l'enseignement collectif des instruments à vent/cuivres dans le cadre d'un programme universitaire de premier cycle en enseignement de la musique,http://hdl.handle.net/20.500.11794/68757
Le déploiement des ENT dans l’enseignement supérieur français : quel e-learning pour quelle professionnalisation ?,https://hal.archives-ouvertes.fr/hal-03211668
Accompagner les infirmières et les étudiantes dans la réflexion sur des situations de soins : Un modèle pour les formateurs en soins infirmiers,http://hdl.handle.net/1866/24890
Et si les stratégies d’apprentissage des étudiants et leurs perceptions envers l’évaluation des apprentissages avaient un lien avec l’ajustement académique dans un contexte de persévérance aux études universitaires?,http://journals.openedition.org/ripes/2807
Etude des usages du numérique. Le cas d'un cours de bachelor d'une école supérieure de commerce.,https://hal.archives-ouvertes.fr/hal-03186876
Estrategia educativa para potenciar los aprendizajes en los estudiantes de séptimo año de la unidad educativa fiscomisional “ladolorosa” de la ciudad de loja,https://dialnet.unirioja.es/servlet/oaiart?codigo=7827531
Un méthode pour façonner. Une stratégie d'apprentissage de l'anglais à partir d'un texte d'actualité télévisée,https://www.persee.fr/doc/apliu_0248-9430_1998_num_18_1_2240
Expériences rapportées de la situation universitaire par des étudiants ayant une dyslexie,http://www.cairn.info/article.php?ID_ARTICLE=NRESI_081_0201
Formación del pensamiento algebraico de los docentes,https://dialnet.unirioja.es/servlet/oaiart?codigo=2147201
Application de principes cognitivistes et constructivistes à l'enseignement de l'écrit assisté par ordinateur : perceptions des étudiants,http://journals.openedition.org/alsic/343
Un système d'exposition interactif pour une médiation scientifique pluri-lectoriale,https://hal.archives-ouvertes.fr/hal-02135191
The impact of peer effects substance use and parental background on educational outcomes,http://doc.rero.ch/record/232474/files/these_PeriniL.pdf
Representando la complejidad ambiental: dos estudios de caso,http://dialnet.unirioja.es/servlet/oaiart?codigo=2474593
Étude du comportement des apprenants dans les travaux pratiques et de sa corrélation avec la performance académique,https://www.persee.fr/doc/stice_1764-7223_2018_num_25_1_1760
Scénario pédagogique pour la réalisation d'une maquette d'EPA par des étudiants de 1ière année de licence : une aide à l'autorégulation de l'apprentissage.,https://hal.archives-ouvertes.fr/hal-02193822
Profils et évolution professionnelle des diplômé.e.s ingénieur.e.s du Cnam. Promotions 2013 et 2014,https://hal-cnam.archives-ouvertes.fr/hal-02311226
Gamifier un quiz – Effet graduel sur la performance l’immersion et la perception de compétence,https://orbi.uliege.be/handle/2268/200274
La correspondance commerciale : apprentissage de stratégies discursives en langue étrangère,http://www.cairn.info/article.php?ID_ARTICLE=RFLA_062_0095
Application de principes cognitivistes et constructivistes à l'enseignement de l'écrit assisté par ordinateur : perceptions des étudiants,https://edutice.archives-ouvertes.fr/edutice-00080350
Développer la pratique réflexive des étudiants par l'autoévaluation. D'une logique de formation diplômante à une logique d'apprentissage responsable et durable : retour sur trois expériences dans une formation d'ingénieur,https://hal.archives-ouvertes.fr/hal-00803275
MOOC : de l'expérimentation à la mise en réseaux,https://hal.archives-ouvertes.fr/hal-01073194
Tutorat par les pairs pour des étudiants en situation de handicap non visible : la perception des tuteurs,http://journals.openedition.org/ripes/972
Scénario pédagogique pour la réalisation d’une maquette d’EPA par des étudiants de 1re année de Licence : une aide à l’autorégulation de l’apprentissage ?,https://www.persee.fr/doc/stice_1764-7223_2014_num_21_1_1104
L’influence du lieu dans l’acquisition de compétences entrepreneuriales : le cas du séminaire BEST,https://hal.archives-ouvertes.fr/hal-03015572
Les impacts de la révision collaborative étayée : une recherche-action en didactique de la production écrite en français langue étrangère.,https://tel.archives-ouvertes.fr/tel-00600054
Entre insouciance et souci de l'autre - L'éthique du care dans l'enseignement en gestion,https://tel.archives-ouvertes.fr/tel-00859075
Le sentiment d’autoefficacité et les stratégies d’apprentissage chez les étudiants de français langue seconde venant d’immersion,http://id.erudit.org/iderudit/1029075ar
Description et analyse d’un dispositif pédagogique destiné à renforcer l’interdisciplinarité dans un Master interdisciplinaire,http://journals.openedition.org/ripes/2131
Vers un nouveau mode de financement des universités (1/2),http://journals.openedition.org/rea/1273
Soutenir le développement des compétences de préceptrices à l'aide d'un forum de discussion,http://www.cairn.info/article.php?ID_ARTICLE=RSI_115_0124
L’humour : son apport dans la frontière entre humanité et technicité en santé,https://hal.archives-ouvertes.fr/hal-01580896
A Problem-Solving and Student-Centred Approach to the Translation of Cultural References,http://id.erudit.org/iderudit/010666ar
Jumelage interculturel et pédagogie universitaire,http://id.erudit.org/iderudit/1052603ar
Création et validation d'un environnement virtuel pour l'apprentissage de langues,http://www.scielo.org.co/scielo.php?script=sci_arttext&amp;pid=S0123-48702007000100009
Concevoir un Environnement Personnel d'Apprentissage (EPA) est-ce utile pour les étudiants?,https://halshs.archives-ouvertes.fr/halshs-01572480
Introspection sur son agir bilingue,http://journals.openedition.org/insaniyat/17894
Transformation pédagogique au sein d’une université : Comment l’accompagnement d’enseignants peut-il contribuer à développer un sentiment de sécurisation nécessaire à une remise en question des pratiques existantes ?,https://hal.archives-ouvertes.fr/hal-02491252
Pédagogie autonomie et (nouvelles ?) technologies pédagogiques,http://cirpp.hypotheses.org/1168
La motivation du départ en échange pour développer les compétences des étudiants en tandem,http://orbilu.uni.lu/handle/10993/42312
Usage des TIC et apprentissages des étudiants inscrits en études islamiques à l’Université Abdelmalek Essaadi,https://hal.archives-ouvertes.fr/hal-01623043
Sociologie des organisations Eléments pour le diagnostic organisationnel,https://halshs.archives-ouvertes.fr/halshs-01227621
Perception de l’utilité du journal de bord comme outil de conscientisation des transferts stratégiques et linguistiques entre le cours d’encadrement linguistique et le cours de discipline dans un programme universitaire de type EMILE,http://journals.openedition.org/apliut/5358
Jeu de rôle et formation aux compétences informationnelles : de la ludification à la jeuderôlisation = Role-playing games &amp; information literacy learning activities : from gamification to roleplayification,http://hdl.handle.net/1866/21088
Movimiento en el aprendizaje de las rutinas de pensamiento en profesores,https://dialnet.unirioja.es/servlet/oaiart?codigo=6679766
Utilisez les principes de la gamification pour motiver : l’octalysis pour donner un nouveau souffle aux activités pédagogiques,https://hal.archives-ouvertes.fr/hal-02986312
Online marketing tools pour PME,http://doc.rero.ch/record/12969/files/TD_Gunevski_Vojo.pdf
Inside Memory : un Serious Escape Game pour Apprendre à Apprendre,https://hal.archives-ouvertes.fr/hal-02284009
SeGaMed 2015 - Passport to the future,http://www.canal-u.tv/?redirectVideo=20015
La volition entre motivation et cognition : quelle place dans la pratique des étudiants quels liens avec la motivation et la cognition?,http://journals.openedition.org/ripes/2061
: "Reflective conversations" in asynchronous conferencing for distance language learners,https://edutice.archives-ouvertes.fr/edutice-00000170
La présentation électronique en ses paradoxes : regards d’étudiants et de professeurs universitaires,http://id.erudit.org/iderudit/045246ar
Serious Games : à quoi jouent les futurs managers ? Enjeux et stratégie d'intégration des jeux de simulation dans l'enseignement supérieur,https://hal.archives-ouvertes.fr/hal-02408828
Stratégies d’autorégulation et synchronisation des temporalités dans un dispositif hybride : le rôle de l’évaluation,http://journals.openedition.org/dms/2210
IP3S Lille 2012 : usage des ressources numériques dans l’enseignement.,http://www.canal-u.tv/?redirectVideo=10628
Au-delà du bilinguisme : quelle place en France pour une éducation plurilingue ?,https://hal.archives-ouvertes.fr/hal-01390211
Hypermédias et cartes de concepts pour apprendre avec des métaphores,https://edutice.archives-ouvertes.fr/edutice-00000467
O Diagrama de Corpo Livre como recurso de avaliação da aprendizagem significativa da Biomecânica em um curso de Licenciatura em Educação Física,http://dialnet.unirioja.es/servlet/oaiart?codigo=4460241
Du cycle 2 au second cycle : quelles procédures d’identification du verbe chez des élèves d’école élémentaire et des étudiants en Master 2 ?,https://halshs.archives-ouvertes.fr/halshs-03151633
Mise en oeuvre d’un dispositif d’apprentissage dans une perspective d’écriture collaborative,http://id.erudit.org/iderudit/037473ar
L'approche codesign comme une stratégie d'apprentissage de la conception dans l'atelier de projet,http://hdl.handle.net/1866/24236
IP3S Lille 2012 : usage des ressources numériques dans l’enseignement.,http://www.canal-u.tv/?redirectVideo=10632
EpiNet : Revue électronique de l'EPI Année 2012 n° 141-150,https://edutice.archives-ouvertes.fr/edutice-00826643
Learner Autonomy and Playful Learning: Students' Experience of a Gamified Application for French as a Foreign Language,http://journals.openedition.org/alsic/3166
Table ronde de clôture : Les enjeux stratégiques et institutionnels auxquels sont confrontés les organismes de formation (partiellement ou totalement) à distance,http://www.canal-u.tv/?redirectVideo=49461
IP3S Lille 2012 : Une production pour des usages: table ronde autour de success story en matière d’usage des ressources numériques dans l’enseignement et touchant nos 4 publics : FI FC Francophonie Grand Public,http://www.canal-u.tv/?redirectVideo=10619
L&amp;#039;innovation pédagogique et l&amp;#039;apprentissage à l&amp;#039;ère du numérique: une perspective nord-américaine,http://www.canal-u.tv/?redirectVideo=13030
Favoriser un apprentissage actif : Effets des tests d’entraînement sur les processus cognitifs et métacognitifs,https://tel.archives-ouvertes.fr/tel-01684276
De Socrate à Negroponte en passant par Van Eyck,https://www.persee.fr/doc/apliu_0248-9430_1997_num_16_3_1208
À propos de la demande de réalisation en audiovisuel,http://journals.openedition.org/edc/2932
IP3S Lille 2012 : usage des ressources numériques dans l’enseignement.,http://www.canal-u.tv/?redirectVideo=10629
Compétence d’interaction orale et stratégies des apprenants: Comment favoriser la progression à travers une tâche communicative ?,https://hal-univ-paris3.archives-ouvertes.fr/hal-01430577
SEGAMED 2014 : Adaptation des SG à la simulation: Discussions,http://www.canal-u.tv/?redirectVideo=16695
Atelier Projet Urbain Vision(s) Vallée de Joux,https://serval.unil.ch/notice/serval:BIB_AA9F4AA7846C
Etude du développement de nouvelles pratiques de pédagogie numérique,https://hal.archives-ouvertes.fr/hal-02568192
SeGaMed 2015 - Scénarios sérieux !,http://www.canal-u.tv/?redirectVideo=20008
Étude exploratoire du raisonnement clinique chez les étudiants en soins infirmiers à l'aide de la carte conceptuelle,http://www.cairn.info/article.php?ID_ARTICLE=RSI_117_0085
Entre scénario d'apprentissage et scénario d'encadrement : Quel impact sur les apprentissages réalisés en groupes de discussion asynchrone ?,http://www.cairn.info/article.php?ID_ARTICLE=DIS_072_0141
Textual and Visual Aids for E-learning Translation Courses,http://id.erudit.org/iderudit/019904ar
QUELLE EST LA PLACE DE LA VIDÉO DANS UNE STRATÉGIE DE PÉDAGOGIE ACTIVE ?,https://hal.archives-ouvertes.fr/hal-02284015
Analyse d’activités collaboratives à distance dans le cadre d’un dispositif d’apprentissage de la modélisation scientifique,http://journals.openedition.org/dms/324
Etude expérimentale de l'évolution des stratégies de navigation et de l'apprentissage dans un cours en ligne,https://edutice.archives-ouvertes.fr/edutice-00000452
Fracture numérique : solutions frugales de cours à distance et retour des étudiants. &lt;br&gt;: Distances apprivoisées.L’enseignement confiné des langues étrangères,https://hal.campus-aar.fr/hal-03117476
Développer les stratégies d’apprentissage et le raisonnement clinique à l’aide d’un wiki : une étude de cas,http://id.erudit.org/iderudit/1015063ar
Le rôle de la structuration de la tâche dans la recherche d'informations sur site web,https://edutice.archives-ouvertes.fr/edutice-00000470
Défis de l’enseignement universitaire dans un contexte multiculturel : une étude de cas en Asie,http://journals.openedition.org/ripes/1239
La traduction dans la formation des étudiants au Collège de Saint-Boniface : hier aujourd’hui et demain,http://id.erudit.org/iderudit/029558ar
Vers un nouveau mode de financement des universités (2/2),http://journals.openedition.org/rea/1423
SeGaMed 2015 - Réhabilitation,http://www.canal-u.tv/?redirectVideo=20005
Scénario pédagogique pour laréalisation d’une maquette d’EPApar des étudiants de 1re année deLicence : : une aide à l’autorégulationde l’apprentissage ?,https://halshs.archives-ouvertes.fr/halshs-01572469
Régulation métacognitive du contrôle de la compréhension orale en FLE,https://dialnet.unirioja.es/servlet/oaiart?codigo=2530652
IP3S Lille 2012 : Le crânio-face dans tous ses états,http://www.canal-u.tv/?redirectVideo=11528
Langue et valeurs culturelles : six façons d’y voir plus clair,http://journals.openedition.org/corela/4347
Recension description et catégorisation des stratégies cognitives liées à la lecture à vue chantée et à l'apprentissage du solfège chez les étudiants en musique de niveau collégial,http://hdl.handle.net/20.500.11794/26527
Programa de estrategias de aprendizaje para estudiantes de una institución educativa,https://dialnet.unirioja.es/servlet/oaiart?codigo=7440824
Télécollaboration asymétrique entre apprenants de français et d'anglais : avantages et enjeux,https://hal.archives-ouvertes.fr/hal-02196738
Les facteurs psychologiques qui ont un effet sur la réussite des étudiants,http://journals.openedition.org/apliut/5155
IP3S Lille 2012 : Utilisation de ressources numériques à usage pédagogique pour l’enseignement de la physiologie de l’exercice en niveau Licence et Master STAPS,http://www.canal-u.tv/?redirectVideo=10949
EpiNet : Revue électronique de l'EPI Année 2010 n° 121-130,https://edutice.archives-ouvertes.fr/edutice-00560705
L'utilisation des stratégies d'apprentissage d'une langue dans un environnement des TICE,https://edutice.archives-ouvertes.fr/edutice-00000188
Accompagner des étudiants,http://www.cairn.info/numero.php?ID_NUMPUBLIE=DBU_RAUCE_2010_01
Learner training : Preparation for learner autonomy,https://www.persee.fr/doc/apliu_0248-9430_1985_num_5_2_2478
Diversification internationalisation et performance : le cas des groupes d'affaires chinois,http://publications.ut-capitole.fr/13959/1/FuJie-2013.pdf
<relations>
,http://publications.ut-capitole.fr/13959/
<url>http://publications.ut-capitole.fr/13959/</url>
,http://www.theses.fr/2013TOU10037
Faut-il innover pour mieux enseigner ?,https://hal.archives-ouvertes.fr/hal-01680227
Learning Centre de l'UHA : comment accompagner son ouverture et inciter les futurs usagers à exploiter ce nouveau centre de ressources ?: Projet d'innovation en pédagogie universitaire à l'Université de Haute Alsace,https://hal.archives-ouvertes.fr/hal-00973502
Cahiers du Communisme. 67è année. Janvier-Février 1991. N°1-2. N° Spécial : XXVIIe Congrès du Parti communiste français,https://pandor.u-bourgogne.fr/ead.html?c=FRMSH021_00038_CC-1991-01-02-n001-n002
IP3S Lille 2012 : Le podcasting à l’université : outil pédagogique ? Support d’apprentissage ?,http://www.canal-u.tv/?redirectVideo=10604
Aventures et mésaventures de la créativité chez les débutants,http://id.erudit.org/iderudit/007595ar
Processus de transfert et d’appropriation des savoirs d’étudiantes en sciences infirmières et de milieux de soins Africains : une étude de cas multiples,http://www.cairn.info/article.php?ID_ARTICLE=RSI_124_0053
Repérage des stratégies des apprenants et du tuteur dans un environnement audio-graphique synchrone,https://edutice.archives-ouvertes.fr/edutice-00087741
Inter-activité co-construction : quand l'outil numérique déhiérarchise le rapport entre enseignants et étudiants en langue. &lt;br&gt;: Distances apprivoisées.L’enseignement confiné des langues étrangères,https://hal.campus-aar.fr/hal-03128723
Estrategias para el aprendizaje de la química de noveno grado apoyadas en el trabajo de grupos cooperativos,http://dialnet.unirioja.es/servlet/oaiart?codigo=3175952
Trouble déficitaire de l’attention à l’université,http://journals.openedition.org/ripes/416
Favoriser un apprentissage actif : Effets des tests d’entraînement sur les processus cognitifs et métacognitifs,https://hal.archives-ouvertes.fr/tel-03142571
Stratégies d'apprentissage et cours dématérialisés en formation infirmière,http://www.cairn.info/article.php?ID_ARTICLE=RSI_111_0081
Exploitation de la plateforme e-Campus pour l’apprentissage de la Chimie de Première année pour les étudiants non acquis à la matière,https://orbi.uliege.be/handle/2268/216774
IP3S Lille 2012 : Formation hydride en Odontologie : un dispositif numérique novateur de formation.,http://www.canal-u.tv/?redirectVideo=11529
Proposition d'une méthodologie pour adapter et intégrer les styles d'apprentissage les stratégies d'enseignement et les médias électroniques,https://tel.archives-ouvertes.fr/tel-01048664
L'apprentissage de la littérature au collégial assisté par une technologie de réseau : un potentiel de métacognition de créativité et d'approfondissement dans une communauté de lecture en émergence,http://hdl.handle.net/20.500.11794/23594
Didactique du plurilinguisme. Travaux sur l’intercompréhension et l'utilisation des technologies pour l'apprentissage des langues.,https://hal.archives-ouvertes.fr/tel-02122652
Stratégie pédagogique et politique d'établissement sources d'une FOAD réussie en école d'ingénieurs,https://edutice.archives-ouvertes.fr/edutice-00000763
IP3S Lille 2012 : usage des ressources numériques dans l’enseignement.,http://www.canal-u.tv/?redirectVideo=10624
Contribution à la didactique du texte expositif : Cas d'étudiants algériens de filière scientifique.,https://tel.archives-ouvertes.fr/tel-00598653
Développer une stratégie d'inclusion des femmes dans les filières TIC des écoles d'ingénierie de la HES-SO,https://hal.archives-ouvertes.fr/hal-02282487
Soutenir la formation aux pratiques avancées à la maîtrise en travail social : Ébauche d’une stratégie pédagogique,http://id.erudit.org/iderudit/1034147ar
SEGAMED 2014 : Débriefing collaboratif semi-automatique : application au cas d’un bloc opératoire virtuel,http://www.canal-u.tv/?redirectVideo=16694
IP3S Lille 2012 : usage des ressources numériques dans l’enseignement.,http://www.canal-u.tv/?redirectVideo=10625
"Conversations réflexives" dans la classe de langues virtuelle par conférence asynchrone,http://journals.openedition.org/alsic/1493
Adaptation de l'apprentissage par problème à l'IUT de Cachan,https://hal.archives-ouvertes.fr/hal-02284040
Observation de deux MOOC (Gamification et Writing in the Sciences) et pistes de recherche,https://www.persee.fr/doc/stice_1952-8302_2012_num_19_1_1036
Construire des savoirs culturels : entre les frontières et tout au long du parcours éducatif,https://hal-univ-paris3.archives-ouvertes.fr/hal-01474629
Enseigner des stratégies d'apprentissage en école d'ingénieurs,https://hal.archives-ouvertes.fr/hal-02286787
Efecto del entrenamiento en autorregulación para el aprendizaje de la matemática,https://dialnet.unirioja.es/servlet/oaiart?codigo=6060421
En quoi l'ajout d'un élément de gamification (badges) impacte la réalisation des tests d'entraînement ?,https://orbi.uliege.be/handle/2268/198239
IP3S Lille 2012 : Opensim comme environnement de simulation en anthropologie,http://www.canal-u.tv/?redirectVideo=10602
La compréhension de l’anglais oral (L2) : processus cognitifs et comportements stratégiques,http://journals.openedition.org/apliut/5322
L'entreprise étendue et le développement des fournisseurs,https://hal-hec.archives-ouvertes.fr/hal-00655489
Motivationshilfen zur Vermittlung der Fachsprache Wirtschaft,https://www.persee.fr/doc/apliu_0248-9430_1995_num_15_2_1171
« World of Chemistry » : Détournement de la plateforme d’apprentissage Blackboard learn pour gamifier des activités d’entrainement en chimie Générale,https://orbi.uliege.be/handle/2268/216383
Les savanes de la côte sous le vent à La Réunion. Histoire et dynamiques perceptions et pratiques gestion et médiation,https://halshs.archives-ouvertes.fr/halshs-01522933
IP3S Lille 2012 : Construire des serious games en mondes virtuels.,http://www.canal-u.tv/?redirectVideo=10599
IP3S Lille 2012 : Qui bénéficie de la coopération inter-universitaire dans l’enseignement en ligne ? L’expérience de l’Université Virtuelle de Bavière,http://www.canal-u.tv/?redirectVideo=10591
IP3S Lille 2012 : IDEFI – SAMSEI Stratégies d’Apprentissage des Métiers de Santé en Environnement Immersif.,http://www.canal-u.tv/?redirectVideo=10611
IP3S Lille 2012 : L’intégration de la simulation dans la formation médicale initiale et l’évaluation dans les 1er et 2ème cycles.,http://www.canal-u.tv/?redirectVideo=10609
IP3S Lille 2012 : Une production pour des usages: table ronde autour de success story en matière d’usage des ressources numériques dans l’enseignement et touchant nos 4 publics : FI FC Francophonie Grand Public,http://www.canal-u.tv/?redirectVideo=10622
IP3S Lille 2012 : Projet Métaciel : enseigner la prothèse autrement...,http://www.canal-u.tv/?redirectVideo=11527
La conception d'un environnement personnel d'apprentissage : L'utilité perçue par les étudiants son impact sur leur motivation et leur auto-efficacité,https://halshs.archives-ouvertes.fr/halshs-00954452
JELOP 2012 - Scénarisation d’un cours virtuel de Prothèse Fixée en L2.,http://www.canal-u.tv/?redirectVideo=8086
Rôles et stratégies paternels dans une entreprise familiale artisanale : exemple des imprimeurs à Venise (deuxième moitié XVe -début XVIe siècles),https://hal.archives-ouvertes.fr/hal-01584434
La conception d'un environnement personnel d'apprentissage: L'utilité perçue par les étudiants son impact sur leur motivation et leur auto-efficacité,https://halshs.archives-ouvertes.fr/halshs-01025077
Prenez le pouvoir.: Comment enrôler les futurs enseignants en formation dans un processus d’apprentissage autonome et responsable ?,https://hal.archives-ouvertes.fr/hal-02146456
Enseignement de l’oral à l’université en Algérie et Cadre Européen Commun de Référence,http://journals.openedition.org/multilinguales/755
En quoi la diversité des stratégies pédagogiques participe-t-elle à la motivation à apprendre des étudiants ? Etude d’un cas particulier,http://journals.openedition.org/ripes/1288
SeGaMed 2015 - Serious Training !,http://www.canal-u.tv/?redirectVideo=20003
SeGaMed 2015 - Patrick Moya,http://www.canal-u.tv/?redirectVideo=20007
IP3S Lille 2012 : D’un cours virtuel scénarisé au Serious Game : place du e-learning dans la formation initiale en Prothèse Fixée,http://www.canal-u.tv/?redirectVideo=10598
L'apport des stratégies dans l'apprentissage du solfège chez les étudiants en musique de niveau collégial,http://hdl.handle.net/20.500.11794/39089
SeGaMed 2015 - Intentions sérieuses - Stefan J. Darmoni,http://www.canal-u.tv/?redirectVideo=19983
Les effets d’un cours d’efficience cognitive sur de nouveaux étudiants de l’Université de l’Alberta,http://id.erudit.org/iderudit/1039269ar
Foreign Language Learning Strategies and Consecutive Interpreting Achievement: An Exploratory Study on Taiwanese Interpreting Students,http://id.erudit.org/iderudit/1023814ar
Évaluer ses pairs pour mieux s'autoréguler : le feedback vidéo comme support de stratégies d'autorégulation individuelles et collaboratives,https://hal-imt-atlantique.archives-ouvertes.fr/hal-02177713
IP3S Lille 2012 : usage des ressources numériques dans l’enseignement.,http://www.canal-u.tv/?redirectVideo=10630
Construction de compétences lexicales en e‑tandem : une étude pour l’apprentissage de l’allemand,http://journals.openedition.org/rdlc/4754
L’aide aux apprentissages : le cas des collégiens avec un trouble du spectre de l’autisme et de leurs enseignants,http://journals.openedition.org/ree/2816
Rapport politique sur les migrations et l'asile (2016),http://orbilu.uni.lu/handle/10993/35688
SEGAMED 2014 : Mise en place d’un jeu sérieux pour les étudiants en médecine : LabForGames,http://www.canal-u.tv/?redirectVideo=16692
Comprendre les processus de construction et de régulation des EPA par des étudiants universitaires,https://www.persee.fr/doc/stice_1764-7223_2017_num_24_3_1749
Le mémoire de recherche en sciences sociales,https://halshs.archives-ouvertes.fr/halshs-00187471
IP3S Lille 2012 : usage des ressources numériques dans l’enseignement.,http://www.canal-u.tv/?redirectVideo=10631
Évaluation continue et analyse de tendances au service de la personnalisation du soutien à l’apprentissage en physique à l’université,https://orbi.uliege.be/handle/2268/232606
Analyse de données informationnelles et réussite en première année universitaire,https://hal.univ-antilles.fr/hal-01268131
IP3S Lille 2012 : usage des ressources numériques dans l’enseignement.,http://www.canal-u.tv/?redirectVideo=10627
Entreprise-écoles et formations en alternance,https://hal.univ-cotedazur.fr/hal-00665562
Évolutions de la perception et de l'exploitation du rapport de force chez des joueurs de badminton dans une tâche de perfectionnement tactique,http://www.cairn.info/article.php?ID_ARTICLE=STA_068_0095
La prise de décision de rechercher de l'aide dans un environnement numérique d'apprentissage : le cas du contrôle aérien,https://tel.archives-ouvertes.fr/tel-02342159
Une didactique de l'essai ou la mise en place d'un cheminement vers l'autonomisation,https://hal.archives-ouvertes.fr/hal-00428571
Une nécessaire contextualisation : le cas d&amp;#039;une étude de la stratégie enseignante d&amp;#039;étayage en classe de FLE en milieu universitaire chinois / Charlotte Vallat,http://www.canal-u.tv/?redirectVideo=13832
Towards Developing Tandem Learning in Formal Language Education,http://journals.openedition.org/apliut/7842
Ampliando procesos y espacios de aprendizaje en agroindustria con dinámica de sistemas,https://dialnet.unirioja.es/servlet/oaiart?codigo=6934574
Éditorial. Management et innovations pédagogiques : un nouvel axe de recherche pour les enseignants-chercheurs en GRH,https://halshs.archives-ouvertes.fr/halshs-01909666
IP3S Lille 2012 : usage des ressources numériques dans l’enseignement.,http://www.canal-u.tv/?redirectVideo=10623
La dynamique entrepreneuriale en phase projet : contribution à travers l'analyse d'une équipe de jeunes diplômés,http://www.cairn.info/article.php?ID_ARTICLE=ENTRE_081_0055
Une méthodologie pour une réflexion commune sur les difficultés des primo-entrants dans le supérieur et l'adaptation des pratiques pédagogiques,https://hal.archives-ouvertes.fr/hal-01935265
Entreprendre pour s’émanciper : l’aventure d’Empow’Her,http://www.cairn.info/article.php?ID_ARTICLE=ENTIN_041_0062
IP3S Lille 2012 : PRESAGE développement de la simulation médicale comme outil pédagogique d’apprentissage des sciences médicales pour les premières années d’étude.,http://www.canal-u.tv/?redirectVideo=10608
Regards sur l'expérience des adultes en études promotionnelles : le cas des aides-soignantes en formation infirmière,https://tel.archives-ouvertes.fr/tel-02509060
Compétences plurilingues représentations sociales et stratégies d'apprentissage variantes et invariants dans l'apprentissage de l'italien du grec moderne et du tchèque chez les étudiants de Mention FLE,https://halshs.archives-ouvertes.fr/halshs-00844195
Classe inversée : mesures des perceptions étudiantes et de l&amp;#039;impact sur l&amp;#039;apprentissage / Jean-Louis Ferrarini Sassia Moutalibi,http://www.canal-u.tv/?redirectVideo=19424
Réflexion sur la pertinence de s’intéresser aux stratégies d’étude des étudiants ayant un trouble d’apprentissage ou un TDA/H afin de favoriser leur réussite scolaire,http://id.erudit.org/iderudit/1060145ar
Usage des TIC et apprentissages des étudiants inscrits en études islamiques à l’Université Abdelmalek Essaadi,http://id.erudit.org/iderudit/1059578ar
Former des économistes au développement durable : les enjeux d'une expérimentation niveau Master,https://halshs.archives-ouvertes.fr/halshs-00628843
Description et usages d’un nouveau dispositif de vidéo-cours : l’encre numérique,http://journals.openedition.org/questionsvives/656
Influence de la fatigue du consommateur sur le processus de traitement visuel d'une publicité,https://pastel.archives-ouvertes.fr/pastel-00665558
Soutenir les stratégies volitionnelles et améliorer l’expérience des étudiants en formation à distance. Quels potentiels pour le design tangible ?,http://journals.openedition.org/dms/5731
IP3S Lille 2012 : usage des ressources numériques dans l’enseignement.,http://www.canal-u.tv/?redirectVideo=10626
L'apport original du forum de discussion de WebCT dans un cours d'anglais appliqué à l'archéologie,http://journals.openedition.org/rdlc/5399
SeGaMed 2015 - Stimulation,http://www.canal-u.tv/?redirectVideo=20006
Les facteurs psychologiques qui ont un effet sur la réussite des étudiants,https://hal.archives-ouvertes.fr/hal-01404959
Démarche info-active pour dynamiser l'apprentissage de l'anglais de l'informatique,https://www.persee.fr/doc/apliu_0248-9430_1992_num_12_1_2780
SEGAMED 2014 : Gamification et simulation chirurgicale,http://www.canal-u.tv/?redirectVideo=16693
Soutenir la volition et améliorer l&amp;#039;expérience des étudiants en formation à distance : Quels potentiels pour le design tangible ?,http://www.canal-u.tv/?redirectVideo=49467
Conducting a synchronous virtual multiple mini-interview using Webex for medical school admissions,http://id.erudit.org/iderudit/1085460ar
La formation à l'information scientifique et technique (IST) : analyse et évaluation chez les entrants de l'unité de formation et de recherche (UFR) des sciences et techniques de Rouen,https://dumas.ccsd.cnrs.fr/dumas-01995242
Les émotions et la compréhension de récit en Petite Section,https://dumas.ccsd.cnrs.fr/dumas-01885822
Jeu d’évasion sérieux en information-documentation : un dispositif de médiation des savoirs ?,http://journals.openedition.org/sdj/3602
Unified process for personalization of pedagocal activities : meta-model models and tools,http://www.theses.fr/2009LYO10262/document
Graphical representations of functions and factored Markovian decision processes,http://www.theses.fr/2016PA066042/document
Modeling and learning spatial relations for image recognition and understanding,http://www.theses.fr/2017USPCB024/document
Strategic analysis of the online training market : MOOCs as a new variable of digital platform ecosystems,http://www.theses.fr/2018ENST0057/document
Beginner teachers' pre-service education programmes in health education and professionalization : cross-cutting studies and longitudinal follow-up of a cohort,http://www.theses.fr/2017CLFAL003/document
La formation des managers au retour d'expérience : conception d'un dispositif pédagogique générique,https://hal.archives-ouvertes.fr/hal-03240759
Première partie. Les États-Unis et ses futures options stratégiques dans le détroit de Taiwan : Forces motrices et implications pour la sécurité des États-Unis,http://www.cairn.info/article.php?ID_ARTICLE=MOCHI_045_0006
Conception d’un dispositif pédagogique de retour d’expérience générique pour les (futurs) managers,https://hal.archives-ouvertes.fr/hal-03101932
Deuxième partie. Les États-Unis et ses futures options stratégiques dans le détroit de Taiwan : Forces motrices et implications pour la sécurité des États-Unis,http://www.cairn.info/article.php?ID_ARTICLE=MOCHI_046_0006
Le management stratégique de l’entreprise,http://www.cairn.info/numero.php?ID_NUMPUBLIE=PUF_GHERT_2004_01
Analyse stratégique du marché de la formation en ligne : les Moocs comme nouvelle variable des écosystèmes de plateformes digitales,https://pastel.archives-ouvertes.fr/tel-02899705
Production Collective en IFSI ou la construction accompagnée d'un savoir sur la situation de soins-apprentissage,http://www.cairn.info/article.php?ID_ARTICLE=RSI_098_0080
L’utilisation d’Internet pour l’apprentissage et la révision du vocabulaire spécifique,http://journals.openedition.org/apliut/2773
Picture - situations. A functional approach to images in scientific learning in elementary schools,http://hdl.handle.net/2042/8645
Les outils de la veille pédagogique,https://edutice.archives-ouvertes.fr/edutice-00000504
La socialisation par l'organisation : entre tactiques et pratiques,http://publications.ut-capitole.fr/14677/1/perrot_14677.pdf
<relations>
,http://publications.ut-capitole.fr/14677/
Les interactions sociales à l'école maternelle grecque. Approches didactique et pédagogique,http://www.cairn.info/article.php?ID_ARTICLE=CDLE_027_0083
Les cartes conceptuelles outil d’apprentissage expérientiel dans un cours sur le capital humain à l’université,https://hal.archives-ouvertes.fr/hal-03083876
L'agriculture contractuelle: Contrats et institutions dans les filières agricoles et agroalimentaires,https://hal.inrae.fr/tel-02811119
Stratégie,https://halshs.archives-ouvertes.fr/halshs-01292000
Le projet EdUTeam : la décontextualisation des situations d’apprentissage par le jeu,https://hal.archives-ouvertes.fr/hal-02997216
De l’usage de la notion d’informel dans le champ de l’éducation,http://journals.openedition.org/rfp/516
Universités à l'ère numérique : Vers de nouveaux rapports entre pays du nord et pays du sud ?,http://www.cairn.info/article.php?ID_ARTICLE=DIS_061_0099
Réponses de persévération et apprentissage discrimina-tif chez des sujets arriérés mentaux.,https://www.persee.fr/doc/enfan_0013-7545_1976_num_29_4_2625
Formation Ouverte et à Distance (FOAD) et stratégie numérique de continuité pédagogique en contexte COVID-19 : Retour d’expériences,https://hal.archives-ouvertes.fr/hal-03073287
Educational systems need appropriate animations and simulations,https://edutice.archives-ouvertes.fr/edutice-00000645
100 fiches pour comprendre le marketing,https://halshs.archives-ouvertes.fr/halshs-03083436
IP3S Lille 2012 : Construire son projet professionnel / créer son entreprise dans les métiers du sport : deux exemples d’application pratique (copie),http://www.canal-u.tv/?redirectVideo=11525
Parcours de formation initiale en éducation à la santé et développement professionnel des enseignants débutants : études transversales et suivi longitudinal d’une cohorte,https://tel.archives-ouvertes.fr/tel-01978602
Écosystèmes et modèles d'affaires,https://hal.archives-ouvertes.fr/hal-02153063
IP3S Lille 2012 : Construire son projet professionnel / créer son entreprise dans les métiers du sport : deux exemples d’application pratique,http://www.canal-u.tv/?redirectVideo=10951
Troisième partie. Les États-Unis et ses futures options stratégiques dans le détroit de Taiwan : Forces motrices et implications pour la sécurité des États-Unis,http://www.cairn.info/article.php?ID_ARTICLE=MOCHI_047_0006
De l'usage de la notion d'informel dans le champ de l'éducation,https://halshs.archives-ouvertes.fr/halshs-01349537
Universités à l'ère numérique. Vers de nouveaux rapports entre pays du nord et pays du sud ?,https://hal-univ-paris13.archives-ouvertes.fr/hal-01859631
L’intégration des systèmes d’information de la place de marche « JD Business » pour l’entreprise E-commerce de RS Components,https://dumas.ccsd.cnrs.fr/dumas-02281374
Quand les bacheliers professionnels déjouent les pronostics scolaires – les déterminants d’une orientation « réussie » vers une licence Staps qui ne leur était a priori pas destinée,http://journals.openedition.org/osp/14840
Réussir ma 1`supbre`/supb année d'école de commerce,http://www.cairn.info/numero.php?ID_NUMPUBLIE=EMS_PREVO_2020_01
Qui sommes nous ?v2,http://flescape.hypotheses.org/2490
Créer ou reprendre une entreprise touristique ou hôtelière - Méthodes et outils pour réussir,https://hal.archives-ouvertes.fr/hal-03447790
Programmation urbaine,https://hal.uca.fr/hal-03461333
Comment la mission CultureS des BU de Lorraine participe à l’offre culturelle de l’Université ?,https://hal.archives-ouvertes.fr/hal-03443172
Réussir ma 1`supbre`/supb année d'école de commerce,http://www.cairn.info/numero.php?ID_NUMPUBLIE=EMS_PREVO_2020_01
Formation à distance pandémie et pauvreté à Madagascar,http://id.erudit.org/iderudit/1080405ar
Retours d'expériences (utilisation de logiciels exploration de discours à travers le web étude de langage),https://hal.archives-ouvertes.fr/hal-03351678
Réussir ma 1`supbre`/supb année d'école de commerce,http://www.cairn.info/numero.php?ID_NUMPUBLIE=EMS_PREVO_2020_01
Réussir ma 1`supbre`/supb année d'école de commerce,http://www.cairn.info/numero.php?ID_NUMPUBLIE=EMS_PREVO_2020_01
Réussir ma 1`supbre`/supb année d'école de commerce,http://www.cairn.info/numero.php?ID_NUMPUBLIE=EMS_PREVO_2020_01
The pedagogical integration of ICT in higher education in Burkina Faso : accessibility uses and appropriation by students,http://www.theses.fr/2021STRAG005/document
The inverse problem of obstacle detection via optimization methods,http://www.theses.fr/2016TOU30220/document
Enseignants-chercheurs et responsabilité sociétale : le groupe « Management Socio-Économique » en lien avec l'ISEOR à l'iaelyon,https://hal.archives-ouvertes.fr/hal-03277491
Statistical education and training of the statistical mind in primary schools in France : exploratory study of a few typical situations that would help the teaching of statistics in the third cycle,http://www.theses.fr/2010LYO20030/document
A semantic and dialogical perspective on the mathematical activity of validation,http://www.theses.fr/2009LYO10256/document
Transition of the form of schooling through the prism of digital technology : digital technology as a catalyst and indicator,http://www.theses.fr/2020PAUU1082/document
Présuppositions : une investigation expérimentale,http://www.theses.fr/2020LYSEN067/document
La jungle de l'innovation,http://www.cairn.info/numero.php?ID_NUMPUBLIE=DUNOD_MANIA_2021_01
Characterization and understanding of mechanism of nanovectors for the intracellular delivery of biological macromolecules,http://www.theses.fr/2017NANT1002/document
Quand l'ambigüité devient-elle favorable ? Une approche expérimentale et théorique des multiples procès de catégorisation dans les marchés.,http://www.theses.fr/2019SACLH004
The impact of congruence between vehicle and advertisement on advertising effectiveness : evidence from magazines,http://www.theses.fr/2010NAN22002
Management Responsable &amp; Business Schools : Une analyse par les stratégies d'établissement et par les projets pédagogiques,http://www.theses.fr/2013MON10028/document
L'auteur n'a pas fourni de titre en anglais,http://www.theses.fr/2012GRENL045
Strategies and skills of Chinese students in France and training design for their university integration,http://www.theses.fr/2020INAL0019/document
Role of DNA damage repair processes in multiple myeloma genomic instability,http://www.theses.fr/2019USPCC094/document
Quelle contribution des entreprises à forte croissance (hgefs) à la création de nouveaux emplois ? : le cas de l'Éthiopie,http://www.theses.fr/2019SACLX007
Chimie du quorum sensing bactérien : Des analogues d'acyl homosérine lactones chez Vibrio fischeri aux phosphodiesters de carbohydrates chez Agrobacterium,http://www.theses.fr/2021LYSEI015/document
The way to succes of the chinese students in France,http://www.theses.fr/2013LORR0009
Identification of new miRNA regulating MUC1 and determination of their functional biological roles and involvement in drug resistance of pancreatic cancer,http://www.theses.fr/2015LIL2S003/document
L'intégration pédagogique des TIC dans l'enseignement supérieur au Burkina Faso : accessibilité usages et appropriation par les étudiants,https://tel.archives-ouvertes.fr/tel-03283832
Singular students plural men : male study choices and socialisations in “female” higher education programmes,http://www.theses.fr/2018IEPP0015
Biological and behavioral studies of two disease-transmitting mosquito species (Aedes albopictus and Anopheles arabiensis) with the aim of developing the Sterile insect technique (SIT) against these vectors on Reunion Island,http://www.theses.fr/2012LARE0008/document
L’intégration pédagogique des TIC dans l’enseignement supérieur au Burkina Faso : accessibilité usages et appropriation par les étudiants.,https://hal.archives-ouvertes.fr/tel-03258186
[Morpho]genèse ou les processus d'émergence des formes,http://hdl.handle.net/2078.1/186308
Quand l'apprentissage universitaire devient source d'aventure,https://hal.archives-ouvertes.fr/hal-03250844
Identifier et résoudre les dilemmes de la stratégie ouverte : Les apports d’une recherche intervention,http://www.cairn.info/article.php?ID_ARTICLE=RFG_294_0013
‘La modernité est sur nous’. Capitaux scolaires ascension sociale et mondialisation (Ouagadougou Burkina Faso),http://hdl.handle.net/2078.1/112956
Stratégies et compétences des étudiants chinois en situation de mobilité en France et conception d'une formation pour leur intégration universitaire,https://tel.archives-ouvertes.fr/tel-03176381
Reconciling Institutional and Professional Requirements in the Specialised Inverse Translation Class – A Case Study,http://id.erudit.org/iderudit/1050514ar
La gestion de l'identité et de l'estime de soi des étudiants guadeloupéens migrants en métropole,http://www.cairn.info/article.php?ID_ARTICLE=LAUTR_002_0325
Corpus et dictionnaires : prise de conscience linguistique chez des apprenants Lansad,https://halshs.archives-ouvertes.fr/halshs-01246741
Translation-Strategies Use: A Classroom-Based Examination of Baker’s Taxonomy,http://id.erudit.org/iderudit/010675ar
Les| nouvelles approches de la gestion des organisations,https://hal.archives-ouvertes.fr/hal-02297998
Le it anaphorique dans le film Shallow Grave : un exemple de l'apport des nouvelles technologies à la rénovation pédagogique de l'enseignement supérieur et à la réflexion sur les faits de langue,http://journals.openedition.org/asp/2887
La question de l'éducation statistique et de la formation de l'esprit statistique à l'école primaire en France. Étude exploratoire de quelques caractéristiques de situations inductrices d'un enseignement de la statistique au cycle III,https://tel.archives-ouvertes.fr/tel-00494338
Effets comparés de deux pédagogies de plans d’affaires sur l’apprentissage entrepreneurial des étudiants : Une approche par les compétences,http://www.cairn.info/article.php?ID_ARTICLE=RSG_275_0013
Editorial du n°29 de Management &amp; Sciences Sociales,https://hal.archives-ouvertes.fr/hal-03084143
Discours intermédiaires : discours d’élaboration et élaboration des discours. Formation en didactique de l’oral d’étudiants futurs enseignants,https://www.persee.fr/doc/reper_1157-1330_2004_num_30_1_2643
Et nunc reges intelligite erudimini qui judicatis terram  !,http://www.cairn.info/article.php?ID_ARTICLE=RSG_218_0005
Le non-usage des TIC en contexte universitaire : entre signes sujets et sens – Mehdi KADDOURI Abderrahmane BOUAMRI et Toufik AZZIMANI,http://eformation.hypotheses.org/612
Three essays on social interactions and education : theory and application,http://hdl.handle.net/20.500.11794/26041
Management de la connaissance: Knowledge Management &amp; Apprentissage organisationnel &amp; Société de la connaissance,https://hal.archives-ouvertes.fr/hal-00676324
In search of climate change! A treasure hunt in the Vercors to connect scientific knowledge with field realities,http://www.set-revue.fr/focus-la-recherche-du-changement-climatique-un-jeu-de-piste-dans-le-vercors-pour-relier-les-savoirs
Les lectures professionnelles des enseignants en exercice et en formation : note de synthèse et repères bibliographiques,https://www.persee.fr/doc/spira_0994-3722_1997_num_19_1_1609
Effect of Web Channel Richness and Web Information Richness On Satisfaction and Learning: A Study of Simple and Complex Products,http://www.cairn.info/article.php?ID_ARTICLE=SIM_104_0141
Penser la justice dans les organisations : de Weber à Walzer,http://www.cairn.info/article.php?ID_ARTICLE=TRAV_018_0183
Des garçons dans des 'études de filles' : configurations familiales et dispositions à l’orientation atypique vers l’enseignement supérieur,https://spire.sciencespo.fr/hdl:/2441/77fr9b3mbt9niqiopfe3fr3r3l
Théorie des organisations,https://halshs.archives-ouvertes.fr/halshs-01761023
COMPTABILITÉ INTERNATIONALE : IAS ET IFRS,https://hal.archives-ouvertes.fr/hal-03125369
Analyse des effets linéaires par modèles d'équation structurelles,https://halshs.archives-ouvertes.fr/halshs-00008927
L’enseignant en prise avec les pratiques des étudiants : opportunités et désillusions de l’apprentissage collaboratif par le numérique,https://hal.univ-lorraine.fr/hal-01723285
Une analyse quantitative des écarts de représentation associés à l'EAD chez les élèves et les enseignants du secondaire (le cas du luxembourg),https://edutice.archives-ouvertes.fr/edutice-00000719
Une ethnographe acrobate : enquêter sur différents groupes au sein d’une même institution,http://www.test-afs-socio.fr/drupal/node/3286
Qui sommes nous ?,http://flescape.hypotheses.org/869
De la notion de constructivisme appliquée aux sciences de gestion,https://halshs.archives-ouvertes.fr/halshs-00008919
Internationalisation et professionnalisation de l’enseignement supérieur : État des lieux et perspectives,https://hal.archives-ouvertes.fr/hal-01423660
Power relations and good governance : a social network analysis of the evolution of the integrity in public office act in the Commonwealth of Dominica,http://hdl.handle.net/20.500.11794/26874
08 - Learning Pitch : Pitchez votre outil pédagogique en 5 min (jipn 2016),http://www.canal-u.tv/?redirectVideo=21253
Marketing industriel : Stratégies et mise en oeuvre,https://hal.archives-ouvertes.fr/hal-02298000
L'aménagement urbain en France : une approche systémique,https://hal-lara.archives-ouvertes.fr/hal-02163581
EdUTeam Wargames: Des wargames pour former les futurs managers,https://hal.archives-ouvertes.fr/hal-03090371
Navigating Youth Generating Adulthood : Social Becoming in an African Context,https://www.cist-regards.fr/opac_css/index.php?lvl=notice_display&amp;id=161062
Une perspective sémantique et dialogique sur l'activité de validation en mathématiques,https://tel.archives-ouvertes.fr/tel-00653274
Management d'entreprise,https://halshs.archives-ouvertes.fr/halshs-01436409
Les mécanismes de sollicitation à la demande d'aide privilégiés par les étudiants du postsecondaire,http://journals.openedition.org/ripes/733
Implantation du C2i niveau 1 au sein de l’école normale supérieure de Marrakech,http://journals.openedition.org/questionsvives/1047
Un cas concret de pédagogie active et innovante à finalité professionnalisante : les exercices de simulation de crises politiques internationales avec MOODLE / Valérie Pouchelon-Martel Lydie Thollot,http://www.canal-u.tv/?redirectVideo=20551
Evolution de l’utilisation d’un outil d’entraînement à la résolution de QCM de physique au fil des ans et en fonction des sections d’études auxquelles il est proposé,https://orbi.uliege.be/handle/2268/220697
" Coach-cache " - Les dessous d'une demande de coaching,https://hal.archives-ouvertes.fr/hal-00877081
La prise de décision stratégique : l'investissement direct des PME manufacturières québécoises en Chine,http://hdl.handle.net/20.500.11794/20488
TERRITOIRES INDUSTRIES INNOVATIONS et RESEAUX,https://tel.archives-ouvertes.fr/tel-00978495
Se professionnaliser à l'université : quelles réalités ?,http://calenda.org/192992
Influences sociales,http://www.cairn.info/numero.php?ID_NUMPUBLIE=PUG_MANUE_2017_01
L'éducation aux médias dans le cadre des masters « métiers de l'éducation et de la formation » : un nouveau cadre à apprivoiser,https://hal.archives-ouvertes.fr/hal-01143565
(Trans)former son corps stratégie d'insertion professionnelle au féminin ?,https://www.persee.fr/doc/forem_0759-6340_2005_num_91_1_1771
La gestion durable de la PME en hypercroissance entre pratiques stratégiques paradoxales et logique dominante.,https://halshs.archives-ouvertes.fr/halshs-01413744
Bagatelles pour l’éternité,http://books.openedition.org/pufc/2512
La ludopédagogie dans les sciences de gestion,https://hal.archives-ouvertes.fr/hal-02553366
Analyse des variables modératrices et médiatrices par les méthodes d'équations structurelles,https://halshs.archives-ouvertes.fr/halshs-00008917
IP3S Lille 2012 : Parcours pédagogique PACES UE4.,http://www.canal-u.tv/?redirectVideo=10617
The Best Presentation Competition - Un projet pour motiver des étudiants en marketing,http://journals.openedition.org/apliut/5145
L’université opérateur de ressources territoriales. Le cas des projets « Biovallée » et « Caverne du Pont d’Arc » en sud Rhône-Alpes,https://halshs.archives-ouvertes.fr/halshs-01174406
Inuit-Centred Learning in the Inuit Bachelor of Education Program,http://id.erudit.org/iderudit/1055433ar
Étudiants singuliers hommes pluriels. Orientations et socialisations masculines dans des formations « féminines » de l’enseignement supérieur,https://spire.sciencespo.fr/hdl:/2441/475jomdipo84v9mrslajkrr6kv
Réflexions sur sept ans d'utilisation d'enseignement assisté par ordinateur (EAO),https://www.persee.fr/doc/rfp_0556-7807_1989_num_87_1_1419
"Intercompréhension : quelles stratégies pour l'apprentissage du vocabulaire en anglais à l'IUT ?,https://edutice.archives-ouvertes.fr/edutice-00703114
IP3S Lille 2012 : Apport des Technologies Éducatives dans la mise en œuvre de l’universitarisation des formations en soins infirmiers à l’Université Bordeaux Segalen,http://www.canal-u.tv/?redirectVideo=10686
Le fonctionnement des marchés internationaux et la gestion de l'entreprise,https://pastel.archives-ouvertes.fr/pastel-00995993
Description des stratégies d’enseignement dans la formation des traducteurs : le point de vue des étudiants,http://hdl.handle.net/1866/19374
Comment la « gamification » peut augmenter la réussite et la motivation des étudiants dans le cadre d’un cours de physique?,https://orbi.uliege.be/handle/2268/216941
Contraintes d'application de la culture informationnelle dans l'université algérienne,https://archivesic.ccsd.cnrs.fr/sic_00343135
L'entreprise LEAN Production ou la PME compétitive par l'action collective,https://hal-hec.archives-ouvertes.fr/hal-00655490
Racines scientifiques de la conception dite rationnelle de médicaments sur ordinateur : pour une histoire de la modélisation (bio)moléculaire,http://journals.openedition.org/philosophiascientiae/109
Sens de la recherche et recherche de sens,https://halshs.archives-ouvertes.fr/halshs-00008918
Les Albigeois &amp; la sectorisation scolaire à l'école primaire,https://hal.archives-ouvertes.fr/hal-02890053
Management des ressources humaines,http://www.cairn.info/numero.php?ID_NUMPUBLIE=DBU_ROUSS_2005_01
Canadian reds : the Young Communist League of Canada international communism and the Soviet experience (1917-1939),http://hdl.handle.net/1866/24795
DE LA NUMERISATION VERS l’UBERISATION’ DE L’UNIVERSITE :: quel scénario prospectif pour une coopération digitale/numérique Université-Entreprise-Société ?,https://hal.archives-ouvertes.fr/hal-01445497
Hugo Chavez et Alvaro Uribe ou la force des mots : Deux discours pour gouverner,https://halshs.archives-ouvertes.fr/halshs-01150020
10 Cas de Marketing,http://www.cairn.info/numero.php?ID_NUMPUBLIE=DUNOD_GARCI_2017_01
Le manager hybride acteur-passeur et acteur-clôture aux frontières institutionnelles : Analyse d’un médecin-chef de pôle hospitalier,http://www.cairn.info/article.php?ID_ARTICLE=RFG_250_0125
Lean Services - une démarche de compétitivité des PME de services,https://hal-hec.archives-ouvertes.fr/hal-00655493
Stratégies managériales et création de valeur : une approche par la théorie des jeux,https://hal.archives-ouvertes.fr/hal-02171904
Décomposition et analyse d’un flux de savoir : le cas du savoir transmis par les prestataires aux managers marketing lors de leurs interactions de travail,https://hal.archives-ouvertes.fr/hal-01637858
Aux origines d'un cosmopolitisme contemporain : quand les étudiants africains pensaient avec l'Europe,https://halshs.archives-ouvertes.fr/halshs-01166787
La psychologie sociale appliquée à l'économie,http://www.cairn.info/numero.php?ID_NUMPUBLIE=DBU_LASAR_2011_01
Marketing de l'immobilier : Concepts et méthodes pour gagner en efficacité,https://hal.archives-ouvertes.fr/hal-01905765
Ludifier un simulateur d’examen en recourant à des badges – Effets sur la participation la perception et la performance,http://id.erudit.org/iderudit/1060097ar
Étude scénographique des fêtes en faveur de l’abolition de l’esclavage en France (février - juillet 1794),http://journals.openedition.org/ahrf/2123
Étude scénographique des fêtes en faveur de l'abolition de l'esclavage en France (février - juillet 1794),https://www.persee.fr/doc/ahrf_0003-4436_2005_num_339_1_2752
IP3S Lille 2012 : Evaluation de la prise en charge de l’hémorragie grave du post-partum sur simulateur SimMom(R) : Etude menée auprès de 24 étudiants sages-femmes.,http://www.canal-u.tv/?redirectVideo=10613
SEGAMED 2016 - Table ronde - Intégration de la simulation numérique dans la formation initiale et continue,http://www.canal-u.tv/?redirectVideo=26337
Ludifier un simulateur d’examen en recourant à des badges – Effets sur la participation la perception et la performance,https://orbi.uliege.be/handle/2268/227473
Innovation de rupture,http://www.cairn.info/numero.php?ID_NUMPUBLIE=EMS_SARA_2019_01
Mettre en adéquation des structures verticales et des relations horizontales : animation collaborative et mécanismes d’imputabilité pour favoriser la croissance économique en Angleterre,http://www.cairn.info/article.php?ID_ARTICLE=RISA_844_0679
Petit bréviaire des idées reçues en management 2e édition,https://halshs.archives-ouvertes.fr/halshs-00498716
Les transferts intergénérationnels des parents à leurs descendants en Europe:La solidarité comme mécanisme de (re)production des inégalités,https://spire.sciencespo.fr/hdl:/2441/33r92mcrqb8kc8qusjs707f3uj
Les "serious games" : des leviers en faveur du knowledge management,https://hal.archives-ouvertes.fr/hal-00846779
Stratégie d'audit et l'apport cognitif de l'auditeur,https://hal.archives-ouvertes.fr/hal-01900624
Modéliser les différences individuelles avec l'analyse factorielle,https://halshs.archives-ouvertes.fr/halshs-00008928
Se désengager du mouvement du « 20 février »,http://journals.openedition.org/ejts/4811
Formation Médicale 2011 - Dix ans de Test de Concordance de Script à la Faculté de Rouen.,http://www.canal-u.tv/?redirectVideo=8104
La web-TV éducative alternative aux formations de masse dans les universités africaines,http://www.cairn.info/article.php?ID_ARTICLE=DIS_064_0619
Esprit de corps et jeux de distinction étudiants Deux faces d’un week-end d’intégration dans une école de commerce,http://www.cairn.info/article.php?ID_ARTICLE=SOCIO_071_0005
Méthodes d’enquête en Sciences de l’Information et de la Communication,https://hal.archives-ouvertes.fr/hal-01842125
COMPTABILITE INTERNATIONALE : LES IFRS,https://hal.archives-ouvertes.fr/hal-03123932
Méthodes de développement d'échelles de questionnaires d'enquêtes,https://halshs.archives-ouvertes.fr/halshs-00008920
SEGAMED 2016 - Place du jeu sérieux dans un curriculum en formation initiale,http://www.canal-u.tv/?redirectVideo=26317
L'entrée officielle du Japon en 2014 dans la course aux talents à travers l'introduction du visa « Professions supérieures »,https://dumas.ccsd.cnrs.fr/dumas-01950243
Sustainable transportation for all and beyond,https://orbi.uliege.be/handle/2268/267683
Communication organisationnelle et logiques d'acteur en mode projet. Du modèle entrepreneurial à la gouvernance publique,https://hal.archives-ouvertes.fr/tel-02428206
Ukrainiens et Biélorusses à l’ONU : la Guerre froide d’États subalternes,https://hal.archives-ouvertes.fr/hal-03366664
Méthodologie de mise-à-jour de knowledge-based engineering template : focus sur l'aide à la décision et la mise-à-jour des instances,http://www.theses.fr/2010LYO10223/document
Pesticide reduction and management of lettuce pests and pathogens,http://www.theses.fr/2015AVIG0668/document
Strategies of manipulation by the discourse in political speech : example of the 2007 presidential campaign in France,http://www.theses.fr/2011PA040113
Multimodal approach for evaluation of innovative communication application,http://www.theses.fr/2016LORR0341/document
Heuristic methods for solving knapsack type problems,http://www.theses.fr/2018AMIE0023/document
Lésions cérébrales et arrêt cardiaque : apport diagnostique et pronostique des biomarqueurs circulants,http://www.theses.fr/2018USPCC150
Students information practices and information literacy in distance learning,http://www.theses.fr/2014STRAG018/document
Anatomical adjustment of long-term ventricular assist devices through exploitation of Imaging and computer-assisted simulation,http://www.theses.fr/2017REN1B001
Contribution for solving combinatorial problems : sequential and parallel optimization,http://www.theses.fr/2015AMIE0010/document
Surveillance for detecting potentially emerging multi-exposed health problems in a context of multi-exposure : development of methods applied to the French national occupational disease surveillance and prevention network (RNV3P),http://www.theses.fr/2011GRENS004/document
Theodor Fontane. The literary act as the response of Narcissus,http://www.theses.fr/2011PA040010
Les contaminants chimiques seuls ou en mélange,https://hal-anses.archives-ouvertes.fr/anses-03207811
Approche méthodologique de la prévention du risque glissement de terrain - le modèle ProActerr: présentation et application à la ville d'Al Hoceima (Maroc),https://hal.univ-lorraine.fr/hal-03212049
Les bons comptes font les bons amis : volume 2: Mélanges offerts à Christian Guilleré,https://hal.archives-ouvertes.fr/hal-01653693
Systèmes d'information et management des organisations : Cas et applications,https://hal.archives-ouvertes.fr/hal-01664039
Identification des mérites respectifs des classifications par LPA/FMA et des méthodes traditionnelles : une illustration par l'étude du bien-être au travail,https://hal.archives-ouvertes.fr/hal-01884096
L'évolution des pratiques de travail : les apports de la pluridisciplinarité à l'appropriation des TIC dans les organisations,https://tel.archives-ouvertes.fr/tel-00713887
La RSE une source de création de valeur partagée en PME ?,https://hal-emse.ccsd.cnrs.fr/emse-00816643
« L’apprentissage et la transmission du Yuju à Taiwan au cœur des stratégies de survie de la Compagnie Taiwan Yuju »,https://hal.archives-ouvertes.fr/hal-03126610
Une socialisation du travail au-delà de l’emploi ?,http://calenda.org/196611
Processus d'action stratégique : vers une typologie des profils de managers dans le référentiel des prismes stratégiques.,https://halshs.archives-ouvertes.fr/halshs-00528861
La sélection génomique des ovins laitiers en France,https://hal.inrae.fr/hal-02634736
L'analyse des données au service de la bibliométrie. Outil de veille technologique à la dimension des moyennes entreprises,https://hal.archives-ouvertes.fr/hal-01579964
Approche multimodale pour l'évaluation d'applications de communication innovantes,https://tel.archives-ouvertes.fr/tel-01643701
Anthropologie sceptique et modernité,http://ihrim.ens-lyon.fr/evenement/anthropologie-sceptique-et-modernite
Table ronde 2 : Les usages des ressources Aunege et leur production,http://www.canal-u.tv/?redirectVideo=8345
Les déterminants de l’intention entrepreneuriale des étudiants camerounais,https://hal.archives-ouvertes.fr/hal-01867684
Ukrainiens et Biélorusses à l’ONU : la Guerre froide d’États subalternes,http://www.cairn.info/article.php?ID_ARTICLE=MOND1_202_0031
Signes symboles écritures : l’Intelligence Économique décryptée par la sémiotique,https://hal-unilim.archives-ouvertes.fr/hal-02490881
Les rendements de l'éducation en comparaison internationale,https://www.persee.fr/doc/ecop_0249-4744_2007_num_180_4_7673
Pour une géopolitique de la culture,https://www.persee.fr/doc/mefr_1123-9891_2002_num_114_1_9839
Ukrainiens et Biélorusses à l’ONU : la Guerre froide d’États subalternes,https://spire.sciencespo.fr/hdl:/2441/6nkiqgvud9907a25q7flc29fgj
Marketing Reseach : méthodes de recherche et d'études en marketing,https://halshs.archives-ouvertes.fr/halshs-00132470
Pierre Leroy-Beaulieu : un importateur des méthodes électorales américaines en France,http://www.cairn.info/article.php?ID_ARTICLE=RHIS_052_0309
Analyse comparative des méthodes de classifications : L'exemple du bien-être au travail,http://www.cairn.info/article.php?ID_ARTICLE=RIMHE_010_0105
Pratiques et compétences informationnelles des étudiants dans les espaces de formation en ligne,https://tel.archives-ouvertes.fr/tel-01148915
MACRO-DECHETS en Méditerranée française : Etat des connaissances analyses des données de la surveillance et recommandations,http://archimer.ifremer.fr/doc/00053/16434/
Le projet de ville : un essai pratique,http://hdl.handle.net/2042/29648
<title xml:lang="it">Azione pubblica comunicazione e gestione,https://halshs.archives-ouvertes.fr/halshs-02956520
Analyse comparative des méthodes de classifications : l'exemple du bien-être au travail,https://hal.archives-ouvertes.fr/hal-02004278
Étude sociologique des perceptions représentations sociales et connaissances liées à l'érosion marine et ses enjeux sur la commune de Lacanau en Gironde,https://irsteadoc.irstea.fr/cemoa/PUB00042164
Intelligence économique et problèmes décisionnels,https://hal.archives-ouvertes.fr/hal-00617566
L’usage des business games dans le cursus doctoral : « esprit d’entreprendre » et « esprit d’entreprise » dans la formation à la recherche,http://journals.openedition.org/formationemploi/5217
Les représentations sociales des fournisseuses de gamètes en Espagne : derrière le « don » d’ovocyte un travail invisibilisé et dévalorisé ?,http://journals.openedition.org/efg/12099
Les stresseurs de rôle le soutien social et le burnout chez les enseignants-chercheurs : Une exploration théorique,https://hal.archives-ouvertes.fr/hal-03463438
Do Unions Still Matter for Redistribution? Evidence from Canada’s Provinces,http://id.erudit.org/iderudit/1083610ar
The system in charge of assigning student to a school (SAS). Analysis of its implementation,http://www.theses.fr/2015POIT5024
De la misère en milieu étudiant considérée sous ses aspects économique politique psychologique sexuel et notamment intellectuel et de quelques moyens pour y remédier. Suivi de Nos buts et nos méthodes dans le scandale de Strasbourg (Extrait de la revue Internationale Situationniste n°11),https://humazur.univ-cotedazur.fr/omeka-s-dev/s/Humazur/item/60
#178 - John Lear - &amp;quot;Los Dos Diegos&amp;quot; : Diego Rivera and Bertram Wolfe de la Révolution à la Guerre froide,http://www.canal-u.tv/?redirectVideo=63259
Marketing Research,http://www.cairn.info/numero.php?ID_NUMPUBLIE=DUNOD_DELAC_2021_01
L'enseignement de la gestion en France. Identité défis et enjeux,https://halshs.archives-ouvertes.fr/halshs-03291829
Unique trajectories : the social construction of the"dyke" engagement in the "transpédégouine" movement,http://www.theses.fr/2015TOU30387
How food policies change agriculture : a comparative analysis in three regions of France,http://www.theses.fr/2020PESC2025/document
Protection of multimedia contents for data certification,http://www.theses.fr/2018POIT2273/document
Diffusion of e-commerce in Tunisia : an analysis and modeling of adoption behavior of the internet and market services by young people,http://www.theses.fr/2018AZUR0030/document
Impact of Internal Marketing on the performance of contact personnel in the service business : application to the banking,http://www.theses.fr/2011LYO30050
Dynamique des élevages pastoraux et agropastoraux en afrique intertropicale,https://directory.doabooks.org/handle/20.500.12854/39773
Socialisation et attributions causales : Le rôle des études universitaires,http://hdl.handle.net/2078.1/93685
L'accès dérogatoire à l'enseignement supérieur. Les autodidactes de Saint-Denis,https://www.persee.fr/doc/rfsoc_0035-2969_1991_num_32_4_4075
Comment renforcer les compétences improvisationnelles des équipes projet ? Le rôle de la mémoire et de la culture d’expérimentation,https://hal.archives-ouvertes.fr/hal-02171447
Les étudiants handicapés dans l'enseignement supérieur.,https://halshs.archives-ouvertes.fr/halshs-00311979
Agriculture biologique : tensions entre de multiples enjeux. Cas des systèmes arboricoles en région PACA,http://journals.openedition.org/economierurale/4276
Ecrire un mémoire en sciences de l'information et de la communication. Récits de cas démarches et méthodes,https://hal.archives-ouvertes.fr/hal-01196025
Quand étudiants en travail social et personnes en situation de pauvreté croisent leurs savoirs,http://www.cairn.info/article.php?ID_ARTICLE=VSOC_191_0255
Market - Fondements et méthodes des recherches en marketing,https://hal-hec.archives-ouvertes.fr/hal-00490724
Petit bréviaire des idées reçues en management,http://www.cairn.info/numero.php?ID_NUMPUBLIE=DEC_CRIM_2008_01
L’agriculture face aux politiques alimentaires: Une analyse comparée dans trois régions françaises,https://hal.archives-ouvertes.fr/tel-03114804
Michel Foucault et la consommation,http://www.cairn.info/numero.php?ID_NUMPUBLIE=EMS_ROUX_2018_01
Michel Foucault et la consommation. Gouverner et séduire,https://hal.archives-ouvertes.fr/hal-02021112
L’agriculture face aux politiques alimentaires : une analyse comparée dans trois régions françaises,https://tel.archives-ouvertes.fr/tel-03117411
: Récits de cas démarches et méthodes,https://halshs.archives-ouvertes.fr/halshs-01709074
Développement d'un ensemble d'ailes à éléments multiples pour la Formule électrique de l'Université Laval,http://hdl.handle.net/20.500.11794/27830
Comprendre la pénurie de main d’œuvre dans les professions comptables : une étude qualitative des facteurs d'orientation des étudiants,https://hal-amu.archives-ouvertes.fr/hal-01702695
Petit bréviaire des idées reçues en management,https://halshs.archives-ouvertes.fr/halshs-00465679
Échanges Nord-Sud et économie solidaire. Que transmettre ?,https://www.persee.fr/doc/horma_0984-2616_2005_num_53_1_2318
Aux origines des usages sociaux de la photographie : La photographie amateur en Allemagne entre 1890 et 1910,http://www.cairn.info/article.php?ID_ARTICLE=ARSS_154_0053
Critical Literacy and the Un/Doing of Academic Discourse,http://id.erudit.org/iderudit/013343ar
Formation au management : les vertus du théâtre en formation continue et en formation initiale,https://halshs.archives-ouvertes.fr/halshs-00769012
L’historien et le portrait,http://books.openedition.org/larhra/1042
L'humour au travail : dépasser les lectures fonctionnalistes et critiques,https://halshs.archives-ouvertes.fr/halshs-00987972
Une expérience universitaire dans les parcs et lieux historiques nationaux canadiens : contribution à une meilleure gestion du milieu,http://journals.openedition.org/vertigo/8041
Les approches qualitatives en gestion,http://books.openedition.org/pum/2981
Analyse causale et méthodes quantitatives : une introduction avec R Stata et SPSS,http://hdl.handle.net/1866/24865
: une approche communicationnelle des communautés virtuelles sur Internet,https://hal.archives-ouvertes.fr/hal-00486971
Enquêtes ethnographiques au Japon dans le contexte de la précarisation de la recherche en France,https://calenda.org/758586
Coûts et décisions,https://hal-hec.archives-ouvertes.fr/hal-00494895
La comptabilité en IFRS et ses maux : quels mots pour le dire ?,https://hal-cnam.archives-ouvertes.fr/hal-02108538
Relais-accueil un foyer pour « l’orientation » des jeunes,http://journals.openedition.org/sejed/853
L'enquête et ses méthodes : l'analyse des données quantitatives.,https://hal.archives-ouvertes.fr/hal-01404746
La représentation sociale du risque de précarité chez les étudiants,http://journals.openedition.org/communicationorganisation/4236
no. Hors Série 15 - L’œuvre de Pierre Bourdieu : sociologie bilan critique héritage,https://www.cist-regards.fr/opac_css/index.php?lvl=notice_display&amp;id=103408
no. 955 - Décembre - Les nouvelles jeunesses,https://www.cist-regards.fr/opac_css/index.php?lvl=notice_display&amp;id=71274
Intégrer les nouveaux embauchés en PME : une étude dynamique des pratiques de la socialisation,https://hal.archives-ouvertes.fr/hal-02104175
How sales promotions influence impulse buying : the critical role of affect and cognition,http://hdl.handle.net/20.500.11794/28202
Migration d’étude migration de travail: deux faces indissociables d’une même réalité?,https://halshs.archives-ouvertes.fr/halshs-02186800
Les rendements de l'éducation en comparaison internationale,http://www.cairn.info/article.php?ID_ARTICLE=ECOP_180_0087
Modèles mathématiques en gestion,https://orbi.uliege.be/handle/2268/90446
L'identité de lecteur chez les professeurs des écoles en formation initiale,http://www.cairn.info/article.php?ID_ARTICLE=CDLE_021_0017
Intégrer les nouveaux embauchés en PME : une étude contextualiste de la socialisation organisationnelle,https://hal.archives-ouvertes.fr/hal-01631113
Socialisation et attribution causale : le rôle des études universitaires,http://id.erudit.org/iderudit/011404ar
Faire éclore la diversité dans le Supérieur : questionnements épistémologiques défis organisationnels et enjeux pédagogiques,https://hal.archives-ouvertes.fr/hal-01839273
Study of consumer expectation and perception on ethical fashion brands and their relationship with textile parameters by using Kansai and LCA approaches,http://www.theses.fr/2019LILUI050/document
Avant-propos au numéro thématique "Responsabilité sociétale des enseignants-chercheurs en management",https://hal.archives-ouvertes.fr/hal-03277473
Modeling of long-term energy consumption and CO² emissions applied in algerian residential sector,http://www.theses.fr/2015TOUR1801/document
Four essays on how incomes from natural ressources impact developing countries,http://www.theses.fr/2016CLF10503/document
Produire diffuser et transmettre des savoirs portant sur la pauvreté et l’intervention sociale en milieu rural : La singularité du cas français,http://id.erudit.org/iderudit/1051400ar
Histoire de l’Algérie. Thèses mémoires articles,http://www.calames.abes.fr/pub/ms/Calames-20192181523762658
Honneur chance et destin : ethos traditionnel et modernité dans le milieu malabar de La Réunion,https://tel.archives-ouvertes.fr/tel-00517039
Imaginaire(s) représentation(s) en sciences humaines et sociales,http://calenda.org/380092
Appui technique 2017 dans le secteur des Ressources Génétiques Forestières. Rapport final,https://irsteadoc.irstea.fr/cemoa/PUB00057303
La régression floue : principes et applications en science de gestion,https://halshs.archives-ouvertes.fr/halshs-00260964
Les débats actuels sur le développement,http://www.documentation.ird.fr/hor/fdi:25324
Justice sociale inégalités exclusion,https://www.persee.fr/doc/ofce_0751-6614_1995_num_53_1_1396
Stereotype in der Kindheit,http://orbilu.uni.lu/handle/10993/45139
Quatre essais sur les effets des rentes des ressources naturelles dans les pays en développement,https://tel.archives-ouvertes.fr/tel-01685663
Étude d’un système à base de micro-capteurs de gaz pour le suivi et la cartographie de la pollution atmosphérique,https://hal.univ-lorraine.fr/tel-02940704
Être jeune chercheur-e aujourd'hui : quelles réalités ?,http://calenda.org/317091
3 – L’expérience doctorale,http://www.canal-u.tv/?redirectVideo=18794
Formation continue: comment concilier devoir et besoins [Continuing education: how to reconcile needs and wants],https://serval.unil.ch/notice/serval:BIB_814CE6A7DA64
Réflexions sur le rôle de la Direction de l'évaluation et de la prospective (DEP) en France,http://www.cairn.info/article.php?ID_ARTICLE=ES_030_0049
1- Régulation et recherche,http://www.canal-u.tv/?redirectVideo=18780
: Social assistance and maintenance obligation,https://hal.univ-lorraine.fr/hal-03018401
« Bonne renommée vaut mieux que ceinture dorée »,http://www.cairn.info/article.php?ID_ARTICLE=RSG_229_0005
Misère de la corporate governance,http://www.cairn.info/article.php?ID_ARTICLE=RIDE_224_0407
Vers une théorisation de l'attractivité territoriale durable: De l’ancrage democratique des projets culturels de territoire à l’attractivité territoriale durable,https://hal-amu.archives-ouvertes.fr/tel-02068909
2 – Interférences entre vie privée et vie professionnelle,http://www.canal-u.tv/?redirectVideo=18793
